"","X","X.3","X.2","X.1","lakeID","dateSample","time","TOD","depthClass","counts","ind_m3","mgC_L","EPA_mgC","DHA_mgC","PC","C18_mgC","depth","DOmgL","temp","PAR","CPUE","fish_m3","zoops.allDepths","depthZoops","Daphnia","Copepods","Holopedium","lx","reactionDist","mu","growth"
"1",1,1,1,1,"TU","5/28/13","12:00","Day","PML",0,0,0.897777777777778,0.00179064007831311,0.00178077749057683,0.00755183168316832,0.00410122268008956,0.5,8.89,16.4,194.14,22.5668014633516,0.645184853837222,180733.333333333,11533.3333333333,133.333333333333,3466.66666666667,0,10483.56,0.419564395504901,0.00398595656799571,0.067855470265977
"2",2,2,2,2,"TU","5/28/13","12:00","Day","Hypo",0,0,1.03357142857143,0,0,0.00925033724948169,0.000932473604356677,7.5,0.16,4.1,0,22.5668014633516,0.645184853837222,180733.333333333,169200,0,80666.6666666667,133.333333333333,0,0,0,0
"3",3,3,3,3,"DW","5/28/13","23:00","Night","PML",21,1400,0.5465,0.00157971307500425,0.00140826445278943,0.00641224885635865,0.00532277873127123,0.75,8.8,16.7,0,3.22180784726801,0.0921114863533924,286066.666666667,114466.666666667,10933.3333333333,33533.3333333333,26533.3333333333,0,0,0,0.0404863483515708
"4",4,4,4,4,"DW","5/28/13","23:00","Night","Hypo",68,4533.33333333333,1.0415,0,0.000534557241133903,0.00699219461697723,0.00488128993817289,4,5.66,6.3,0,3.22180784726801,0.0921114863533924,286066.666666667,171600,15333.3333333333,92600,24266.6666666667,0,0,0,0.0626173781876627
"5",5,5,5,5,"DW","5/29/13","11:30","Day","PML",0,0,0.5465,0.00157971307500425,0.00140826445278943,0.00641224885635865,0.00532277873127123,0.75,8.8,16.7,129.7,3.22180784726801,0.0921114863533924,335133.333333333,102400,10666.6666666667,27333.3333333333,37133.3333333333,7003.8,0.41910104876334,0.000306212604555556,0.0404863483515708
"6",6,6,6,6,"DW","5/29/13","11:30","Day","Hypo",10,666.666666666667,1.0415,0,0.000534557241133903,0.00699219461697723,0.00488128993817289,4,5.66,6.3,0.1125,3.22180784726801,0.0921114863533924,335133.333333333,232733.333333333,22266.6666666667,168400,10866.6666666667,6.075,0.38133248720202,0.00025350888226158,0.0626173781876627
"7",7,7,7,7,"CB","5/29/13","23:00","Night","PML",92,6133.33333333333,0.847,0.00122100829380117,0,0.00830107792207792,0.00514781113330439,0.5,8.14,20.6,0,0,0,282066.666666667,155866.666666667,6733.33333333333,86200,666.666666666667,0,0,0,0.0427587860863922
"8",8,8,8,8,"CB","5/29/13","23:00","Night","Hypo",18,1200,1.078,0,0.000791774034194011,0.00842641649048626,0.000959918555297811,3.5,1.81,5,0,0,0,282066.666666667,126200,3400,25933.3333333333,2666.66666666667,0,0,0,0.0581563760708074
"9",9,9,9,9,"CB","5/28/13","11:00","Day","PML",3,200,0.847,0.00122100829380117,0,0.00830107792207792,0.00514781113330439,0.5,8.14,20.6,378.466,0,0,333866.666666667,161666.666666667,4466.66666666667,36466.6666666667,800,20437.164,0.420250363036202,0,0.0427587860863922
"10",10,10,10,10,"CB","5/28/13","11:00","Day","Hypo",35,2333.33333333333,1.078,0,0.000791774034194011,0.00842641649048626,0.000959918555297811,3.5,1.81,5,0,0,0,333866.666666667,172200,3733.33333333333,43000,2466.66666666667,0,0,0,0.0581563760708074
"11",11,11,11,11,"RE","5/31/13","11:30","Day","PML",15,1000,1.09,0.000963143315524183,0.000875684953434777,0.00842238532110092,0.00132191221778683,0.5,6.12,21.2,69.985,0,0,230200,0,0,0,0,3779.19,0.418306951953,0,0.108902338031467
"12",12,12,12,12,"RE","5/31/13","11:30","Day","Hypo",1,66.6666666666667,1.39083333333333,0,0,0.00997238466147394,0.00150618427607992,9,0.05,4,0,0,0,230200,230200,3600,106466.666666667,800,0,0,0,0
"13",13,13,13,13,"RE","5/30/13","23:00","Night","PML",0,0,1.09,0.000963143315524183,0.000875684953434777,0.00842238532110092,0.00132191221778683,0.5,5.49,21.5,0,0,0,511400,344400,2933.33333333333,128933.333333333,1666.66666666667,0,0,0,0.106525762175441
"14",14,14,14,14,"RE","5/30/13","23:00","Night","Hypo",5,333.333333333333,1.39083333333333,0,0,0.00997238466147394,0.00150618427607992,9,0.05,4,0,0,0,511400,167000,2466.66666666667,78000,66.6666666666667,0,0,0,0
"15",15,15,15,15,"BA","6/2/13","23:30","Night","PML",37,2466.66666666667,0.9455,0.000640376156886874,0,0.00450775295109612,0.00172769302085614,1,8.54,17.2,0,4.90691596474801,0.140288727432146,287066.666666667,165400,10133.3333333333,101466.666666667,17266.6666666667,0,0,0,-0.00687619139639985
"16",16,16,16,16,"BA","6/2/13","23:30","Night","Hypo",27,1800,0.832,0.00207114769415166,0.00177004522066865,0.00587986595174263,0.00276042295595162,6,3.9,5.5,0,4.90691596474801,0.140288727432146,287066.666666667,121666.666666667,9466.66666666667,71133.3333333333,12666.6666666667,0,0,0,0.0211477753502178
"17",17,17,17,17,"BA","6/3/13","12:00","Day","PML",0,0,0.9455,0.000640376156886874,0,0.00450775295109612,0.00172769302085614,1,8.8,16.6,1371.5,4.90691596474801,0.140288727432146,329933.333333333,175800,12266.6666666667,87933.3333333333,33133.3333333333,74061,0.421347373987518,0.000478813700078607,-0.00682551359687211
"18",18,18,18,18,"BA","6/3/13","12:00","Day","Hypo",0,0,0.832,0.00207114769415166,0.00177004522066865,0.00587986595174263,0.00276042295595162,6,3.66,5.4,10.61,4.90691596474801,0.140288727432146,329933.333333333,154133.333333333,4200,107733.333333333,12466.6666666667,572.94,0.414955088193739,0.000464395682716946,0.0206812871552611
"19",19,19,19,19,"BA","6/6/13","12:00","Day","PML",0,0,0.9455,0.000640376156886874,0,0.00450775295109612,0.00172769302085614,1,8.8,16.6,1371.5,4.90691596474801,0.140288727432146,329933.333333333,175800,12266.6666666667,87933.3333333333,33133.3333333333,74061,0.421347373987518,0.000478813700078607,-0.00682551359687211
"20",20,20,20,20,"BA","6/6/13","12:00","Day","Hypo",0,0,0.832,0.00207114769415166,0.00177004522066865,0.00587986595174263,0.00276042295595162,6,3.66,5.4,10.61,4.90691596474801,0.140288727432146,329933.333333333,154133.333333333,4200,107733.333333333,12466.6666666667,572.94,0.414955088193739,0.000464395682716946,0.0206812871552611
"21",21,21,21,21,"BR","6/3/13","23:30","Night","PML",132,8800,1.1395,0.00112620452594477,0,0.0103021184730145,0.0017055863242452,1,8.34,17.7,0,2.02181170026431,0.0578035965105566,385666.666666667,321066.666666667,107933.333333333,145466.666666667,1066.66666666667,0,0,0,0.0413699485102921
"22",22,22,22,22,"BR","6/3/13","23:30","Night","Hypo",39,2600,2.606,0,0,0.0238414351496546,0.000391375661280153,3,2.11,13.3,0,2.02181170026431,0.0578035965105566,385666.666666667,64600,18800,24666.6666666667,466.666666666667,0,0,0,0.0247388166400502
"23",23,23,23,23,"BR","6/4/13","12:00","Day","PML",5,333.333333333333,1.1395,0.00112620452594477,0,0.0103021184730145,0.0017055863242452,1,8.65,16.8,193.01,2.02181170026431,0.0578035965105566,254933.333333333,182200,23533.3333333333,84666.6666666667,0,10422.54,0.419557970865211,0.000253163792555841,0.0409007091346884
"24",24,24,24,24,"BR","6/4/13","12:00","Day","Hypo",1,66.6666666666667,2.606,0,0,0.0238414351496546,0.000391375661280153,3,2.46,13.1,0,2.02181170026431,0.0578035965105566,254933.333333333,72733.3333333333,2066.66666666667,24000,0,0,0,0,0.0267474583536952
"25",25,25,25,25,"WL","6/24/13","23:30","Night","PML",9,600,0.604,0.00146898454391378,0,0.00495658112582782,0.00219813054798005,0.5,6.41,25.3,0,0,0,106133.333333333,71200,38400,22600,2533.33333333333,0,0,0,0.00479778372143196
"26",26,26,26,26,"WL","6/24/13","23:30","Night","Hypo",0,0,NA,NA,NA,NA,NA,4,5.96,7.5,0,0,0,106133.333333333,34933.3333333333,20133.3333333333,5533.33333333333,3400,0,0,0,NA
"27",27,27,27,27,"WL","6/4/13","23:30","Night","PML",21,1400,0.604,0,0,0.00495658112582782,0.00184373813259584,1,8.18,17.1,0,0,0,106133.333333333,71200,38400,22600,2533.33333333333,0,0,0,0.00511017222560136
"28",28,28,28,28,"WL","6/4/13","23:30","Night","Hypo",14,933.333333333333,NA,NA,NA,NA,NA,4,7.44,6.5,0,0,0,106133.333333333,34933.3333333333,20133.3333333333,5533.33333333333,3400,0,0,0,NA
"29",29,29,29,29,"WL","6/5/13","12:00","Day","PML",12,800,0.604,0,0,0.00495658112582782,0.00184373813259584,1,8.14,16.3,35.1066666666667,0,0,89400,73266.6666666667,48733.3333333333,7066.66666666667,12400,1895.76,0.417269757863686,0,0.00504759666417857
"30",30,30,30,30,"WL","6/5/13","12:00","Day","Hypo",13,866.666666666667,NA,NA,NA,NA,NA,4,7.8,6.8,0.68,0,0,89400,16133.3333333333,8933.33333333333,4133.33333333333,1733.33333333333,36.72,0.40417266443889,0,NA
"31",31,31,31,31,"RB","6/6/13","12:00","Day","PML",0,0,1.15285714285714,0,0,0.00474903345724907,0.000566717589753071,1,8.7,15.4,214,4.90691596474801,0.140288727432146,380533.333333333,191066.666666667,2866.66666666667,59466.6666666667,40066.6666666667,11556,0.419670432837131,0.000411847297048085,0.00433198624814035
"32",32,32,32,32,"RB","6/6/13","12:00","Day","Hypo",0,0,1.34833333333333,NA,NA,0.00431041409147095,NA,4.5,3.26,6.6,0.493333333333333,4.90691596474801,0.140288727432146,380533.333333333,189466.666666667,5733.33333333333,85933.3333333333,26466.6666666667,26.64,0.401813152781354,0.00037754417297122,NA
"33",33,33,35,35,"BA","5/19/13","23:00","Night","PML",57,3800,0.9455,0.000640376156886874,0,0.00450775295109612,0.00172769302085614,0.75,9.35,16.4,0,4.90691596474801,0.140288727432146,290933.333333333,149466.666666667,2400,38933.3333333333,3333.33333333333,0,0,0,-0.00682385861553621
"34",34,34,36,36,"BA","5/19/13","23:00","Night","Hypo",18,1200,0.832,0,0,0.00587986595174263,0.000638387104693775,6,6.02,5.2,0,4.90691596474801,0.140288727432146,290933.333333333,141466.666666667,3400,43133.3333333333,1533.33333333333,0,0,0,0.0338676135489092
"35",35,35,37,37,"RB","6/6/13","23:30","Night","PML",66,4400,1.15285714285714,0,0,0.00474903345724907,0.000566717589753071,1,8.7,15.4,0,4.90691596474801,0.140288727432146,279266.666666667,196400,2666.66666666667,72866.6666666667,64066.6666666667,0,0,0,0.00433198624814035
"36",36,36,38,38,"RB","6/6/13","23:30","Night","Hypo",50,3333.33333333333,1.34833333333333,NA,NA,0.00431041409147095,NA,4.5,3.26,6.6,0,4.90691596474801,0.140288727432146,279266.666666667,82866.6666666667,3400,47200,11466.6666666667,0,0,0,NA
"37",37,37,39,39,"HB","6/6/13","23:00","Night","PML",55,3666.66666666667,2.01888888888889,0.000657318397006981,0,0.00690649697303247,0.00144772980758794,0.375,7.84,14.6,0,5.08513576076687,0.145384031400325,119133.333333333,90600,10666.6666666667,36800,1000,0,0,0,0.0398955945260782
"38",38,38,40,40,"HB","6/6/13","23:00","Night","Hypo",12,800,1.8525,0,0,0.00357412955465587,0.000393692131120652,3,0.15,5.1,0,5.08513576076687,0.145384031400325,119133.333333333,28533.3333333333,2400,21533.3333333333,466.666666666667,0,0,0,0
"39",39,39,41,41,"HB","6/7/13","11:00","Day","PML",0,0,2.01888888888889,0.000657318397006981,0,0.00690649697303247,0.00144772980758794,0.375,5.73461538461538,0,126.63,5.08513576076687,0.145384031400325,86800,63533.3333333333,11933.3333333333,36066.6666666667,666.666666666667,6838.02,0.419072233561253,0.00186579600924649,0.0309007876767505
"40",40,40,42,42,"HB","6/7/13","11:00","Day","Hypo",0,0,1.8525,0,0,0.00357412955465587,0.000393692131120652,3,0.44,5.1,0,5.08513576076687,0.145384031400325,86800,23266.6666666667,2400,14733.3333333333,266.666666666667,0,0,0,-0.0310124617699889
"41",41,41,43,43,"TU","6/9/13","23:30","Night","PML",13,866.666666666667,0.897777777777778,0.00192435734243253,0,0.00755183168316832,0.00597020595646141,0.25,8.02333333333333,0,0,22.5668014633516,0.645184853837222,172466.666666667,8933.33333333333,0,6666.66666666667,66.6666666666667,0,0,0,0.0320091291291966
"42",42,42,44,44,"TU","6/9/13","23:30","Night","Hypo",60,4000,1.03357142857143,0,0,0.00925033724948169,0.00168132954385956,6.5,0.15,4.1,0,22.5668014633516,0.645184853837222,172466.666666667,163533.333333333,266.666666666667,112333.333333333,133.333333333333,0,0,0,0
"43",43,43,45,45,"TU","6/10/13","13:30","Day","PML",0,0,0.897777777777778,0.00192435734243253,0,0.00755183168316832,0.00597020595646141,0.25,8.02333333333333,0,337.5,22.5668014633516,0.645184853837222,188533.333333333,12800,0,5600,66.6666666666667,18225,0.420139124426422,0.00383152508784826,0.0320091291291966
"44",44,44,46,46,"TU","6/10/13","13:30","Day","Hypo",0,0,1.03357142857143,0,0,0.00925033724948169,0.00168132954385956,6.5,0.12,4.1,0,22.5668014633516,0.645184853837222,188533.333333333,175733.333333333,333.333333333333,111133.333333333,66.6666666666667,0,0,0,0
"45",45,45,47,47,"DW","6/10/13","23:00","Night","PML",11,733.333333333333,0.5465,0,0,0.00641224885635865,0,0.5,7.98,19.7,0,3.22180784726801,0.0921114863533924,233733.333333333,83533.3333333333,18600,22133.3333333333,2733.33333333333,0,0,0,0.0433214841619811
"46",46,46,48,48,"DW","6/10/13","23:00","Night","Hypo",37,2466.66666666667,0.7245,0.00145040862414611,0,0.00699219461697723,0,5,4.39,5.5,0,3.22180784726801,0.0921114863533924,233733.333333333,150200,69933.3333333333,37400,20466.6666666667,0,0,0,0.031706861234996
"47",47,47,49,49,"DW","6/11/13","11:00","Day","PML",0,0,0.5465,0,0,0.00641224885635865,0,0.5,8.5,20.3,323,3.22180784726801,0.0921114863533924,186333.333333333,76066.6666666667,40066.6666666667,7000,5600,17442,0.420095808728981,0.000553362007880119,0.0434957326357641
"48",48,48,50,50,"DW","6/11/13","11:00","Day","Hypo",0,0,0.7245,0.00145040862414611,0,0.00699219461697723,0,5,5,5.8,0.1125,3.22180784726801,0.0921114863533924,186333.333333333,110266.666666667,54066.6666666667,27200,16000,6.075,0.38133248720202,0.000455953184661526,0.0328623636314489
"49",49,49,51,51,"CB","6/12/13","11:30","Day","PML",0,0,0.847,0,0,0.00830107792207792,0.000936006917420366,0.25,6.8025,0,1800.5,0,0,408866.666666667,162600,12266.6666666667,134800,1533.33333333333,97227,0.421548388136639,0,0.0315159070762261
"50",50,50,52,52,"CB","6/12/13","11:30","Day","Hypo",11,733.333333333333,1.078,0.000792264948054935,0,0.00842641649048626,0.00154190450117747,4,0.23,5,0,0,0,408866.666666667,246266.666666667,7200,169066.666666667,1133.33333333333,0,0,0,0.03390063079436
"51",51,51,53,53,"CB","6/12/12","11:30","Day","PML",0,0,0.847,0.00122100829380117,0,0.00830107792207792,0.00514781113330439,0.5,8.14,20.6,378.466,0,0,333866.666666667,161666.666666667,4466.66666666667,36466.6666666667,800,20437.164,0.420250363036202,0,0.0427587860863922
"52",52,52,54,54,"CB","6/12/12","11:30","Day","Hypo",0,0,1.078,0,0.000791774034194011,0.00842641649048626,0.000959918555297811,3.5,1.81,5,0,0,0,333866.666666667,172200,3733.33333333333,43000,2466.66666666667,0,0,0,0.0581563760708074
"53",53,53,55,55,"CB","6/11/13","23:00","Night","PML",29,1933.33333333333,0.847,0,0,0.00830107792207792,0.000936006917420366,0.25,6.8025,0,0,0,0,189333.333333333,141200,19733.3333333333,118400,933.333333333333,0,0,0,0.0315159070762261
"54",54,54,56,56,"CB","6/11/13","23:00","Night","Hypo",19,1266.66666666667,1.078,0.000792264948054935,0,0.00842641649048626,0.00154190450117747,4,0.14,5,0,0,0,189333.333333333,NA,NA,NA,NA,0,0,0,0
"55",55,55,57,57,"RE","6/13/13","0:00","Night","PML",2,133.333333333333,1.09,0.000842051422406147,0,0.00842238532110092,0.00239014495026903,0.25,4.85,0,0,0,0,180133.333333333,61266.6666666667,7533.33333333333,28466.6666666667,0,0,0,0,0.0297302973010412
"56",56,56,58,58,"RE","6/13/13","0:00","Night","Hypo",0,0,1.39083333333333,0,0,0.00997238466147394,0.00150618427607992,9,0.08,4,0,0,0,180133.333333333,118866.666666667,7600,48600,333.333333333333,0,0,0,0
"57",57,57,59,59,"BA","5/20/13","11:00","Day","PML",0,0,0.9455,0.000640376156886874,0,0.00450775295109612,0.00172769302085614,0.75,9.66,16.4,150.5,4.90691596474801,0.140288727432146,475266.666666667,241133.333333333,2866.66666666667,70866.6666666667,7866.66666666667,8127,0.419276621483524,0.000329136554509949,-0.00683234151001243
"58",58,58,60,60,"BA","5/20/13","11:00","Day","Hypo",1,66.6666666666667,0.832,0,0,0.00587986595174263,0.000638387104693775,6,6.92,5.5,3.24571428571429,4.90691596474801,0.140288727432146,475266.666666667,234133.333333333,4800,70000,13933.3333333333,175.268571428572,0.411652973609089,0.000317276085031571,0.034626935389973
"59",59,59,61,61,"RE","6/3/13","0:00","Night","PML",0,0,1.09,0.000963143315524183,0.000875684953434777,0.00842238532110092,0.00132191221778683,0.5,6.12,21.2,0,0,0,511400,344400,2933.33333333333,128933.333333333,1666.66666666667,0,0,0,0.108902338031467
"60",60,60,62,62,"RE","6/3/13","0:00","Night","Hypo",2,133.333333333333,1.39083333333333,0,0,0.00997238466147394,0.00150618427607992,9,0.05,4,0,0,0,511400,167000,2466.66666666667,78000,66.6666666666667,0,0,0,0
"61",61,61,63,63,"RS","6/13/13","12:00","Day","PML",1,66.6666666666667,1.5,0.00216239328329319,0.000949351387419273,0.00835301818181818,0.00411412191017916,0.5,7.52,20.9,138.6,5.72375779832262,0.163642235454044,336066.666666667,182266.666666667,4866.66666666667,139866.666666667,133.333333333333,7484.4,0.419180095273757,0.000542701064410344,0.108384119707116
"62",62,62,64,64,"RS","6/13/13","12:00","Day","Hypo",2,133.333333333333,1.22166666666667,0,0,0.00927973583509514,0.000712529333162212,4,0.12,6.5,0,5.72375779832262,0.163642235454044,336066.666666667,153800,3933.33333333333,113600,133.333333333333,0,0,0,0
"63",63,63,65,65,"RS","6/13/13","23:30","Night","PML",81,5400,1.5,0.00216239328329319,0.000949351387419273,0.00835301818181818,0.00411412191017916,0.5,7.52,20.9,0,5.72375779832262,0.163642235454044,296000,136133.333333333,16000,81733.3333333333,1533.33333333333,0,0,0,0.108384119707116
"64",64,64,66,66,"RS","6/13/13","23:30","Night","Hypo",30,2000,1.22166666666667,0,0,0.00927973583509514,0.000712529333162212,4,0.12,6.5,0,5.72375779832262,0.163642235454044,296000,159866.666666667,11333.3333333333,102866.666666667,1133.33333333333,0,0,0,0
"65",65,65,67,67,"RE","6/4/13","11:30","Day","PML",0,0,1.09,0.000963143315524183,0.000875684953434777,0.00842238532110092,0.00132191221778683,0.5,6.12,21.2,69.985,0,0,230200,0,0,0,0,3779.19,0.418306951953,0,0.108902338031467
"66",66,66,68,68,"RE","6/4/13","11:30","Day","Hypo",0,0,1.39083333333333,0,0,0.00997238466147394,0.00150618427607992,9,0.05,4,0,0,0,230200,230200,3600,106466.666666667,800,0,0,0,0
"67",67,67,69,69,"RE","6/14/13","11:30","Day","PML",0,0,1.09,0.000842051422406147,0,0.00842238532110092,0.00239014495026903,0.25,4.85,0,368.4,0,0,161800,64200,466.666666666667,31733.3333333333,0,19893.6,0.42022441421568,0,0.0297302973010412
"68",68,68,70,70,"RE","6/14/13","11:30","Day","Hypo",1,66.6666666666667,1.39083333333333,0,0,0.00997238466147394,0.00150618427607992,9,0.12,4,0,0,0,161800,97600,4800,43066.6666666667,133.333333333333,0,0,0,0
"69",69,69,71,71,"RS","7/18/13","12:15","Day","PML",24,1600,0.940714285714286,0.00073818247740351,0,0.0102064534883721,0.00866169110988323,0.25,5.38142857142857,0,415.8,5.72375779832262,0.163642235454044,219133.333333333,128333.333333333,27866.6666666667,75933.3333333333,15066.6666666667,22453.2,0.420339853490387,0.000836907576830234,0.0301687064762749
"70",70,70,72,72,"RS","7/18/13","12:15","Day","Hypo",102,6800,1.22166666666667,0,0,0.00927973583509514,0.00320854458838884,3.5,0.19,8.5,0,5.72375779832262,0.163642235454044,219133.333333333,90800,22400,49400,13333.3333333333,0,0,0,0
"71",71,71,73,73,"RS","7/18/13","23:55","Night","PML",194,12933.3333333333,0.940714285714286,0.00073818247740351,0,0.0102064534883721,0.00866169110988323,0.25,5.38142857142857,0,0,5.72375779832262,0.163642235454044,273866.666666667,134066.666666667,44733.3333333333,30600,54733.3333333333,0,0,0,0.0301687064762749
"72",72,72,74,74,"RS","7/18/13","23:55","Night","Hypo",48,3200,1.22166666666667,0,0,0.00927973583509514,0.00320854458838884,3.5,0.19,8.5,0,5.72375779832262,0.163642235454044,273866.666666667,139800,42200,53600,37400,0,0,0,0
"73",73,73,75,75,"BA","7/22/13","11:30","Day","PML",0,0,0.7085,0,0,0.00446922724064926,0.00491967686481508,1,7.71,24.2,50.77,4.90691596474801,0.140288727432146,186466.666666667,37800,1533.33333333333,5866.66666666667,20800,2741.58,0.417846243985495,0.000833189863651276,-0.0110954835525635
"74",74,74,76,76,"BA","7/22/13","11:30","Day","Hypo",20,1333.33333333333,0.8235,0,0,0.00480365209471767,0.00715462059410352,5,0.82,7.6,0.75,4.90691596474801,0.140288727432146,186466.666666667,148666.666666667,29933.3333333333,97400,13533.3333333333,40.5,0.404816320538246,0.000782036455807091,0.00266627805560056
"75",75,75,77,77,"BA","7/27/13","11:30","Day","PML",0,0,0.7085,0,0,0.00446922724064926,0.00491967686481508,1,7.71,24.2,50.77,4.90691596474801,0.140288727432146,186466.666666667,37800,1533.33333333333,5866.66666666667,20800,2741.58,0.417846243985495,0.000833189863651276,-0.0110954835525635
"76",76,76,78,78,"BA","7/27/13","11:30","Day","Hypo",0,0,0.8235,0,0,0.00480365209471767,0.00715462059410352,5,0.82,7.6,0.75,4.90691596474801,0.140288727432146,186466.666666667,148666.666666667,29933.3333333333,97400,13533.3333333333,40.5,0.404816320538246,0.000782036455807091,0.00266627805560056
"77",77,77,79,79,"BA","7/22/13","23:30","Night","PML",39,2600,0.7085,0,0,0.00446922724064926,0.00491967686481508,1,7.71,24.2,0,4.90691596474801,0.140288727432146,236800,161066.666666667,64266.6666666667,81733.3333333333,12333.3333333333,0,0,0,-0.0110954835525635
"78",78,78,80,80,"BA","7/22/13","23:30","Night","Hypo",11,733.333333333333,0.8235,0,0,0.00480365209471767,0.00715462059410352,5,0.82,7.6,0,4.90691596474801,0.140288727432146,236800,75733.3333333333,17733.3333333333,51866.6666666667,3600,0,0,0,0.00266627805560056
"79",79,79,81,81,"BR","5/20/13","23:00","Night","PML",41,2733.33333333333,1.1395,0.000658980098008794,0,0.0103021184730145,0.00205464674245122,0.75,10.68,17.9,0,2.02181170026431,0.0578035965105566,344133.333333333,219800,32333.3333333333,101466.666666667,533.333333333333,0,0,0,0.041947982020612
"80",80,80,82,82,"BR","5/20/13","23:00","Night","Hypo",49,3266.66666666667,2.606,0.000674217522093768,0.000609719266077372,0.0238414351496546,0.00119455599901808,3,5.82,9.7,0,2.02181170026431,0.0578035965105566,344133.333333333,124333.333333333,6000,72466.6666666667,66.6666666666667,0,0,0,0.199004765839113
"81",81,81,83,83,"BR","7/23/13","11:00","Day","PML",1207,80466.6666666667,1.43714285714286,0.00131487447913406,0,0.0151870675944334,0.00275689792919074,1,7.07,22.3,19.01,2.02181170026431,0.0578035965105566,237800,179600,11600,95133.3333333333,0,1026.54,0.416179747576572,0.000267051055950587,0.0399859982078439
"82",82,82,84,84,"BR","7/23/13","11:00","Day","Hypo",289,19266.6666666667,2.606,0,0,0.0238414351496546,0.0011483904758799,4,0.06,13.8,0,2.02181170026431,0.0578035965105566,237800,58200,2466.66666666667,28466.6666666667,0,0,0,0,0
"83",83,83,85,85,"RB","7/24/13","11:30","Day","PML",9,600,0.7015,0,0,0.010737840342124,0.00263924607480592,1,7.44,22.6,277.7,4.90691596474801,0.140288727432146,382533.333333333,200866.666666667,171266.666666667,6733.33333333333,21800,14995.8,0.419943801377343,0.000410227948669384,0.0409130859109276
"84",84,84,86,86,"RB","7/24/13","11:30","Day","Hypo",268,17866.6666666667,1.49,0,0,0.00773927293064877,0.00331414876452748,4,0.09,9.4,2.96,4.90691596474801,0.140288727432146,382533.333333333,181666.666666667,86000,70400,23466.6666666667,159.84,0.411334257413388,0.000393579669083349,0
"85",85,85,87,87,"WL","7/25/13","11:00","Day","PML",20,1333.33333333333,0.604,0,0,0.00495658112582782,0.0052467666459752,1,6.54,21.4,157.64,0,0,211466.666666667,106800,22133.3333333333,52200,3066.66666666667,8512.56,0.419330184162212,0,0.00511993257893298
"86",86,86,88,88,"WL","7/25/13","11:00","Day","Hypo",22,1466.66666666667,NA,NA,NA,NA,NA,4,1.93,8.9,2.91,0,0,211466.666666667,104666.666666667,11066.6666666667,78333.3333333333,1533.33333333333,157.14,0.41127411569034,0,NA
"87",87,87,89,89,"HB","7/26/13","11:30","Day","PML",32,2133.33333333333,2.01888888888889,0.00246316938226887,0.00139384344083649,0.00690649697303247,0.00739401725184224,0.25,5.73461538461538,0,99.24,5.08513576076687,0.145384031400325,102266.666666667,75600,4200,53000,5666.66666666667,5358.96,0.418770149954591,0.00158133340704851,0.0464491791559671
"88",88,88,90,90,"HB","7/26/13","11:30","Day","Hypo",211,14066.6666666667,1.8525,0.000854311692037285,0,0.00357412955465587,0.00184254063711438,3.5,0.1,5.9,0,5.08513576076687,0.145384031400325,102266.666666667,26666.6666666667,2933.33333333333,18333.3333333333,2666.66666666667,0,0,0,0
"89",89,89,91,91,"RB","5/20/13","23:00","Night","PML",32,2133.33333333333,0.7685,0.00128713885109455,0,0.00474903345724907,0.0025069814709453,0.75,10.98,15.8,0,4.90691596474801,0.140288727432146,378600,191533.333333333,2800,75600,16666.6666666667,0,0,0,0.00021967184895161
"90",90,90,92,92,"RB","5/20/13","23:00","Night","Hypo",0,0,1.34833333333333,0.00121325892105042,0.00326808394448642,0.00431041409147095,0.00535298208812803,4.5,7.8,6,0,4.90691596474801,0.140288727432146,378600,187066.666666667,3800,60600,19000,0,0,0,-0.00516823969066308
"91",91,91,93,93,"WL","7/28/13","23:00","Night","PML",31,2066.66666666667,0.604,0,0,0.00495658112582782,0.0052467666459752,1,7.41,18.1,0,0,0,176200,69733.3333333333,8000,32133.3333333333,1266.66666666667,0,0,0,0.00514854697911638
"92",92,92,94,94,"WL","7/28/13","23:00","Night","Hypo",55,3666.66666666667,NA,NA,NA,NA,NA,4,0.98,9.1,0,0,0,176200,106466.666666667,8133.33333333333,80200,4600,0,0,0,NA
"93",93,93,95,95,"HB","7/29/13","0:00","Night","PML",162,10800,2.01888888888889,0.00246316938226887,0.00139384344083649,0.00690649697303247,0.00739401725184224,0.25,5.73461538461538,0,0,5.08513576076687,0.145384031400325,130000,105800,8000,63333.3333333333,9933.33333333333,0,0,0,0.0464491791559671
"94",94,94,96,96,"HB","7/29/13","0:00","Night","Hypo",119,7933.33333333333,1.237,0.000649570779621297,0.00125520154114254,0.00918760307194826,0.00814989214270332,3.5,0.08,5.7,0,5.08513576076687,0.145384031400325,130000,24200,2400,17666.6666666667,2600,0,0,0,0
"95",95,95,97,97,"RE","7/29/13","11:00","Day","PML",2,133.333333333333,1.09,0.00284269174794431,0.00193809332097732,0.00842238532110092,0.00721693120181497,0.25,4.85,0,51.51,0,0,247533.333333333,57933.3333333333,733.333333333333,25466.6666666667,266.666666666667,2781.54,0.417867793858955,0,0.0605346076967955
"96",96,96,98,98,"RE","7/29/13","11:00","Day","Hypo",1,66.6666666666667,1.39083333333333,0.00198866245719816,0,0.00997238466147394,0.00737057120542016,3,0.14,5.6,0,0,0,247533.333333333,189600,7266.66666666667,40866.6666666667,1400,0,0,0,0
"97",97,97,99,99,"RE","7/29/13","23:30","Night","PML",0,0,1.09,0.00284269174794431,0.00193809332097732,0.00842238532110092,0.00721693120181497,0.25,4.85,0,0,0,0,243666.666666667,55133.3333333333,3933.33333333333,25466.6666666667,0,0,0,0,0.0605346076967955
"98",98,98,100,100,"RE","7/29/13","23:30","Night","Hypo",4,266.666666666667,1.39083333333333,0.00198866245719816,0,0.00997238466147394,0.00737057120542016,3,0.14,5.6,0,0,0,243666.666666667,188533.333333333,10266.6666666667,57266.6666666667,2600,0,0,0,0
"99",99,99,101,101,"BR","5/21/13","11:00","Day","PML",8,533.333333333333,1.1395,0.000658980098008794,0,0.0103021184730145,0.00205464674245122,0.75,10.67,18,22.29,2.02181170026431,0.0578035965105566,383066.666666667,241866.666666667,6200,124733.333333333,66.6666666666667,1203.66,0.416480129463343,0.000166019260046649,0.0420100294951655
"100",100,100,102,102,"BR","5/21/13","11:00","Day","Hypo",1,66.6666666666667,2.606,0.000674217522093768,0.000609719266077372,0.0238414351496546,0.00119455599901808,3,8.89,11.7,0,2.02181170026431,0.0578035965105566,383066.666666667,141200,5200,74600,66.6666666666667,0,0,0,0.213807753832497
"101",101,101,103,103,"TU","7/30/13","13:30","Day","PML",0,0,1.71214285714286,0.00146844495127045,0.00196950923659859,0.0135907434292866,0.0022967305317758,0.25,8.02333333333333,0,289.8,22.5668014633516,0.645184853837222,220733.333333333,22866.6666666667,533.333333333333,4400,1000,15649.2,0.419987174597459,0.00327022551321947,0.148982150387239
"102",102,102,104,104,"TU","7/30/13","13:30","Day","Hypo",7,466.666666666667,1.06,0.00251057457601482,0.00237707996670909,0.00934545687331536,0.00729087182498306,4.5,0.76,5.7,0,22.5668014633516,0.645184853837222,220733.333333333,197866.666666667,8733.33333333333,40000,400,0,0,0,0.0811813201749639
"103",103,103,105,105,"TU","7/30/13","23:30","Night","PML",81,5400,1.71214285714286,0.00146844495127045,0.00196950923659859,0.0135907434292866,0.0022967305317758,0.25,8.02333333333333,0,0,22.5668014633516,0.645184853837222,220000,57800,0,6133.33333333333,133.333333333333,0,0,0,0.148982150387239
"104",104,104,106,106,"TU","7/30/13","23:30","Night","Hypo",147,9800,1.06,0.00251057457601482,0.00237707996670909,0.00934545687331536,0.00729087182498306,4.5,0.76,5.7,0,22.5668014633516,0.645184853837222,220000,162200,2733.33333333333,24133.3333333333,400,0,0,0,0.0811813201749639
"105",105,105,107,107,"RB","7/31/13","0:30","Night","PML",52,3466.66666666667,0.7015,0,0,0.010737840342124,0.00263924607480592,1,6.84,19.5,0,4.90691596474801,0.140288727432146,291666.666666667,197533.333333333,130400,29066.6666666667,30733.3333333333,0,0,0,0.0418763569152131
"106",106,106,108,108,"RB","7/31/13","0:30","Night","Hypo",26,1733.33333333333,1.49,0,0,0.00773927293064877,0.00331414876452748,4,0.06,10.3,0,4.90691596474801,0.140288727432146,291666.666666667,94133.3333333333,70866.6666666667,11533.3333333333,10533.3333333333,0,0,0,0
"107",107,107,109,109,"CB","7/31/13","11:30","Day","PML",20,1333.33333333333,1.24857142857143,0.00242203038094052,0.00141006935676363,0.00630233409610984,0.00823127747210928,0.25,6.8025,0,91.83,0,0,148133.333333333,109000,9800,72666.6666666667,25466.6666666667,4958.82,0.418670431218961,0,0.0336953014557078
"108",108,108,110,110,"CB","7/31/13","11:30","Day","Hypo",109,7266.66666666667,1.01357142857143,0.00190877366249152,0,0.00842641649048626,0.00666549744591258,4,0.1,6.1,0,0,0,148133.333333333,39133.3333333333,3933.33333333333,30733.3333333333,3800,0,0,0,0
"109",109,109,111,111,"CB","7/31/13","23:30","Night","PML",58,3866.66666666667,1.24857142857143,0.00242203038094052,0.00141006935676363,0.00630233409610984,0.00823127747210928,0.25,6.8025,0,0,0,0,187533.333333333,129333.333333333,13066.6666666667,95133.3333333333,13933.3333333333,0,0,0,0.0336953014557078
"110",110,110,112,112,"CB","7/31/13","23:30","Night","Hypo",69,4600,1.01357142857143,0.00190877366249152,0,0.00842641649048626,0.00666549744591258,4,0.1,6.1,0,0,0,187533.333333333,58200,9733.33333333333,41000,6933.33333333333,0,0,0,0
"111",111,111,113,113,"WL","5/21/13","23:30","Night","PML",14,933.333333333333,0.604,0,0,0.00495658112582782,0.00502198176345574,0.5,9.12,18.5,0,0,0,33866.6666666667,15933.3333333333,3400,5533.33333333333,1533.33333333333,0,0,0,0.00524954632556263
"112",112,112,114,114,"WL","5/21/13","23:30","Night","Hypo",27,1800,NA,NA,NA,NA,NA,4,7.28,5.7,0,0,0,33866.6666666667,17933.3333333333,1333.33333333333,7733.33333333333,1666.66666666667,0,0,0,NA
"113",113,113,115,115,"DW","8/1/13","23:30","Night","PML",50,3333.33333333333,0.614,0.00134969674659733,0.00111226131878599,0.00534936156351792,0.00687988315777546,0.5,8.95,21.6,0,3.22180784726801,0.0921114863533924,250533.333333333,122533.333333333,94000,17400,1733.33333333333,0,0,0,0.0157354499707413
"114",114,114,116,116,"DW","8/1/13","23:30","Night","Hypo",48,3200,0.444,0.00220945950844282,0.00184532796877429,0.00307594594594595,0.0106429796979717,4.5,0.89,7.9,0,3.22180784726801,0.0921114863533924,250533.333333333,128000,78266.6666666667,36666.6666666667,5133.33333333333,0,0,0,-0.0426904532913947
"115",115,115,117,117,"DW","8/2/13","10:30","Day","PML",2,133.333333333333,0.614,0.00134969674659733,0.00111226131878599,0.00534936156351792,0.00687988315777546,0.5,7.39,20.8,325.5,3.22180784726801,0.0921114863533924,216866.666666667,58133.3333333333,27400,7933.33333333333,800,17577,0.420103441482654,0.000475469724817027,0.0157228973893254
"116",116,116,118,118,"DW","8/2/13","10:30","Day","Hypo",22,1466.66666666667,0.444,0.00220945950844282,0.00184532796877429,0.00307594594594595,0.0106429796979717,4.5,0.81,8,0.45,3.22180784726801,0.0921114863533924,216866.666666667,158733.333333333,101733.333333333,46200,6933.33333333333,24.3,0.401055588035551,0.00043333077538902,-0.0422108490429172
"117",117,117,119,119,"WL","5/22/13","11:00","Day","PML",0,0,0.604,0,0,0.00495658112582782,0.00502198176345574,0.5,11.21,17,53,0,0,17733.3333333333,12066.6666666667,333.333333333333,4933.33333333333,333.333333333333,2862,0.417910038187335,0,0.00516493379553062
"118",118,118,120,120,"WL","5/22/13","11:00","Day","Hypo",45,3000,NA,NA,NA,NA,NA,4,9.32,5.8,1.17,0,0,17733.3333333333,5666.66666666667,66.6666666666667,2533.33333333333,533.333333333333,63.18,0.40737532302672,0,NA
"119",119,119,121,121,"RB","5/22/13","23:00","Night","PML",9,600,0.7685,0.00128713885109455,0,0.00474903345724907,0.0025069814709453,0.75,10.98,15.8,0,4.90691596474801,0.140288727432146,378600,191533.333333333,2800,75600,16666.6666666667,0,0,0,0.00021967184895161
"120",120,120,122,122,"RB","5/22/13","23:00","Night","Hypo",30,2000,1.34833333333333,0.00121325892105042,0.00326808394448642,0.00431041409147095,0.00535298208812803,4.5,7.8,6,0,4.90691596474801,0.140288727432146,378600,187066.666666667,3800,60600,19000,0,0,0,-0.00516823969066308
"121",121,121,123,123,"RB","5/22/12","23:00","Night","PML",0,0,0.7685,0.00128713885109455,0,0.00474903345724907,0.0025069814709453,0.75,10.98,15.8,0,4.90691596474801,0.140288727432146,378600,191533.333333333,2800,75600,16666.6666666667,0,0,0,0.00021967184895161
"122",122,122,124,124,"RB","5/22/12","23:00","Night","Hypo",16,1066.66666666667,1.34833333333333,0.00121325892105042,0.00326808394448642,0.00431041409147095,0.00535298208812803,4.5,7.8,6,0,4.90691596474801,0.140288727432146,378600,187066.666666667,3800,60600,19000,0,0,0,-0.00516823969066308
"123",123,123,125,125,"RB","5/23/13","11:00","Day","PML",2,133.333333333333,0.7685,0.00128713885109455,0,0.00474903345724907,0.0025069814709453,0.75,9.26,14.4,70.2428571428571,4.90691596474801,0.140288727432146,386866.666666667,250200,2866.66666666667,113866.666666667,41266.6666666667,3793.11428571428,0.418312028379379,0.000402486736936834,0.000213994572475197
"124",124,124,126,126,"RB","5/23/13","11:00","Day","Hypo",0,0,1.34833333333333,0.00121325892105042,0.00326808394448642,0.00431041409147095,0.00535298208812803,4.5,6.03,6,0.493333333333333,4.90691596474801,0.140288727432146,386866.666666667,136666.666666667,1800,50400,7400,26.64,0.401813152781354,0.000371363456715444,-0.00502436751000459
"125",125,125,127,127,"HB","5/23/13","23:30","Night","PML",74,4933.33333333333,2.01888888888889,0,0.000441748409331279,0.00690649697303247,0.00105819948887614,0.5,7.17,14.4,0,5.08513576076687,0.145384031400325,126533.333333333,12266.6666666667,3133.33333333333,2133.33333333333,200,0,0,0,0.0783004588053685
"126",126,126,128,128,"HB","5/23/13","23:30","Night","Hypo",84,5600,1.8525,0,0,0.00357412955465587,0.000658204972621992,3,1.77,5,0,5.08513576076687,0.145384031400325,126533.333333333,114266.666666667,266.666666666667,68333.3333333333,66.6666666666667,0,0,0,-0.0194716250574596
"127",127,127,129,129,"HB","5/24/13","11:30","Day","PML",0,0,2.01888888888889,0,0.000441748409331279,0.00690649697303247,0.00105819948887614,0.5,6.97,15.3,11.45,5.08513576076687,0.145384031400325,180466.666666667,127666.666666667,733.333333333333,76733.3333333333,266.666666666667,618.3,0.415127278913042,0.000880585764189624,0.0791400157112012
"128",128,128,130,130,"HB","5/24/13","11:30","Day","Hypo",7,466.666666666667,1.8525,0,0,0.00357412955465587,0.000658204972621992,3,1.61,4.8,0,5.08513576076687,0.145384031400325,180466.666666667,52800,266.666666666667,29133.3333333333,133.333333333333,0,0,0,-0.0182886564606331
"129",129,129,131,131,"TU","5/27/13","11:00","Day","PML",44,2933.33333333333,0.897777777777778,0.00179064007831311,0.00178077749057683,0.00755183168316832,0.00410122268008956,0.5,9.06,17,164.288,22.5668014633516,0.645184853837222,180733.333333333,11533.3333333333,133.333333333333,3466.66666666667,0,8871.552,0.419377469312577,0.0039824056770412,0.0685302138356641
"130",130,130,132,132,"TU","5/27/13","11:00","Day","Hypo",38,2533.33333333333,1.03357142857143,0,0,0.00925033724948169,0.000932473604356677,7.5,0.07,4.1,0,22.5668014633516,0.645184853837222,180733.333333333,169200,0,80666.6666666667,133.333333333333,0,0,0,0
